{"cameraMode":{"drawMode":0,"name":"Shaded","section":"Shading Mode"},"sceneLighting":false,"audioPlay":false,"sceneViewState":{"showFog":true,"showMaterialUpdate":false,"showSkybox":false,"showFlares":true,"showImageEffects":true,"showParticleSystems":true},"in2DMode":false,"pivot":{"x":-0.7573841214179993,"y":0.4888647198677063,"z":-2.139173746109009},"rotation":{"x":-0.07491547614336014,"y":0.8951318264007568,"z":-0.1645599752664566,"w":-0.4074938893318176},"size":6.2371134757995609,"orthographic":false}