{"cameraMode":{"drawMode":0,"name":"Shaded","section":"Shading Mode"},"sceneLighting":true,"audioPlay":false,"sceneViewState":{"showFog":true,"showMaterialUpdate":false,"showSkybox":true,"showFlares":true,"showImageEffects":true,"showParticleSystems":true},"in2DMode":false,"pivot":{"x":0.5688254833221436,"y":0.12560957670211793,"z":2.5170176029205324},"rotation":{"x":-0.12968163192272187,"y":0.6606894731521606,"z":-0.1173657700419426,"w":-0.73000168800354},"size":10.615310668945313,"orthographic":false}